{
    "Details": {
        "preschool": {
            "Biology": {
                "cnt": 98,
                "GED": 30.32516736459411,
                "Jaccard": 76.49786879786878,
                "Jaccard Edge": 60.12658730158731,
                "K-score(w)": 54.26373199144119
            },
            "Chemistry": {
                "cnt": 45,
                "GED": 9.945407150707451,
                "Jaccard": 40.152380952380945,
                "Jaccard Edge": 27.55952380952381,
                "K-score(w)": 23.106066544897633
            },
            "Economics": {
                "cnt": 72,
                "GED": 29.905835622668654,
                "Jaccard": 48.65602453102453,
                "Jaccard Edge": 37.80526695526696,
                "K-score(w)": 31.469635381311114
            },
            "Engineering": {
                "cnt": 79,
                "GED": 15.248715509764935,
                "Jaccard": 70.898778998779,
                "Jaccard Edge": 55.17507215007214,
                "K-score(w)": 50.74679220386453
            },
            "Geography": {
                "cnt": 57,
                "GED": 17.920892939581766,
                "Jaccard": 42.03983348522822,
                "Jaccard Edge": 34.968849206349205,
                "K-score(w)": 29.969717601729815
            },
            "History": {
                "cnt": 25,
                "GED": 14.668504423248258,
                "Jaccard": 11.960286380404883,
                "Jaccard Edge": 13.803246753246754,
                "K-score(w)": 6.818496306010538
            },
            "Literature": {
                "cnt": 50,
                "GED": 15.447748353406515,
                "Jaccard": 40.98896825396825,
                "Jaccard Edge": 26.532539682539685,
                "K-score(w)": 16.710458616590955
            },
            "Math": {
                "cnt": 60,
                "GED": 15.805737797073775,
                "Jaccard": 50.56230158730158,
                "Jaccard Edge": 37.41309523809524,
                "K-score(w)": 34.562799840969404
            },
            "Sociology": {
                "cnt": 105,
                "GED": 33.8311680576986,
                "Jaccard": 77.05115195262255,
                "Jaccard Edge": 62.5982683982684,
                "K-score(w)": 44.63310277161437
            }
        },
        "primaryschool": {
            "Biology": {
                "cnt": 89,
                "GED": 34.5320617175275,
                "Jaccard": 62.40765024449235,
                "Jaccard Edge": 40.78011988011987,
                "K-score(w)": 41.977476135434486
            },
            "Chemistry": {
                "cnt": 51,
                "GED": 14.179293209416397,
                "Jaccard": 41.811688311688314,
                "Jaccard Edge": 27.488492063492068,
                "K-score(w)": 28.27489187632618
            },
            "Economics": {
                "cnt": 90,
                "GED": 48.625686650481555,
                "Jaccard": 48.265698843640024,
                "Jaccard Edge": 25.082104007104,
                "K-score(w)": 36.844978903206524
            },
            "Engineering": {
                "cnt": 98,
                "GED": 38.77350004194611,
                "Jaccard": 65.26544011544013,
                "Jaccard Edge": 46.232142857142854,
                "K-score(w)": 52.42582953303881
            },
            "Geography": {
                "cnt": 58,
                "GED": 23.58777429618971,
                "Jaccard": 40.023695748695744,
                "Jaccard Edge": 29.202813852813858,
                "K-score(w)": 28.799778248546485
            },
            "History": {
                "cnt": 52,
                "GED": 23.840745363079545,
                "Jaccard": 34.78492063492063,
                "Jaccard Edge": 17.686868686868685,
                "K-score(w)": 18.041581770808865
            },
            "Literature": {
                "cnt": 51,
                "GED": 19.90966151806991,
                "Jaccard": 36.241452991453,
                "Jaccard Edge": 22.84801587301588,
                "K-score(w)": 19.959929680971822
            },
            "Math": {
                "cnt": 60,
                "GED": 22.777391082132237,
                "Jaccard": 39.79999999999999,
                "Jaccard Edge": 40.3062015503876,
                "K-score(w)": 29.779486897899908
            },
            "Philosophy": {
                "cnt": 46,
                "GED": 16.686064138430563,
                "Jaccard": 35.79087301587302,
                "Jaccard Edge": 15.397619047619047,
                "K-score(w)": 19.62694285100937
            },
            "Sociology": {
                "cnt": 85,
                "GED": 49.98039299427436,
                "Jaccard": 42.7078366078366,
                "Jaccard Edge": 25.426587301587297,
                "K-score(w)": 27.39959562657233
            }
        },
        "secondaryschool": {
            "Biology": {
                "cnt": 108,
                "GED": 41.31590707262981,
                "Jaccard": 77.66161112186145,
                "Jaccard Edge": 49.18391665094452,
                "K-score(w)": 55.71174699983323
            },
            "Chemistry": {
                "cnt": 50,
                "GED": 13.903991596596478,
                "Jaccard": 42.04960317460317,
                "Jaccard Edge": 29.479442779442785,
                "K-score(w)": 33.537791902471895
            },
            "Economics": {
                "cnt": 99,
                "GED": 46.49121379093307,
                "Jaccard": 62.29736097236098,
                "Jaccard Edge": 41.18694083694083,
                "K-score(w)": 47.08494512608321
            },
            "Engineering": {
                "cnt": 94,
                "GED": 37.15578715039741,
                "Jaccard": 66.99419367182524,
                "Jaccard Edge": 41.668928293928296,
                "K-score(w)": 52.60982176564628
            },
            "Geography": {
                "cnt": 57,
                "GED": 22.802472350274744,
                "Jaccard": 38.47612548008967,
                "Jaccard Edge": 26.144188034188033,
                "K-score(w)": 31.941968831897306
            },
            "History": {
                "cnt": 59,
                "GED": 26.56504493835625,
                "Jaccard": 40.249206349206354,
                "Jaccard Edge": 23.62308802308802,
                "K-score(w)": 23.42703779727807
            },
            "Literature": {
                "cnt": 54,
                "GED": 24.946066030448403,
                "Jaccard": 34.44642857142857,
                "Jaccard Edge": 19.90714285714286,
                "K-score(w)": 21.21873924966022
            },
            "Math": {
                "cnt": 63,
                "GED": 16.689275130379926,
                "Jaccard": 53.23679724415018,
                "Jaccard Edge": 38.57574696545284,
                "K-score(w)": 43.054813213635725
            },
            "Philosophy": {
                "cnt": 35,
                "GED": 15.99506878488841,
                "Jaccard": 23.429761904761904,
                "Jaccard Edge": 11.457142857142856,
                "K-score(w)": 16.51673203319523
            },
            "Sociology": {
                "cnt": 73,
                "GED": 37.29726144307574,
                "Jaccard": 41.26777805527806,
                "Jaccard Edge": 28.289932289932285,
                "K-score(w)": 28.9800544811369
            }
        },
        "highschool": {
            "Biology": {
                "cnt": 211,
                "GED": 91.43286003766818,
                "Jaccard": 139.61088785225135,
                "Jaccard Edge": 77.52655780322193,
                "K-score(w)": 94.348731002289
            },
            "Chemistry": {
                "cnt": 64,
                "GED": 22.243476883902616,
                "Jaccard": 47.61839826839825,