{
    "Details": {
        "preschool": {
            "Biology": {
                "cnt": 98,
                "GED": 49.28541895041291,
                "Jaccard": 56.15495892995894,
                "Jaccard Edge": 38.96190476190476,
                "K-score(w)": 46.590315263391496
            },
            "Chemistry": {
                "cnt": 45,
                "GED": 19.042359136100167,
                "Jaccard": 31.313492063492067,
                "Jaccard Edge": 15.670238095238096,
                "K-score(w)": 23.815328051158854
            },
            "Economics": {
                "cnt": 72,
                "GED": 38.74252290044055,
                "Jaccard": 36.665331890331885,
                "Jaccard Edge": 26.407575757575756,
                "K-score(w)": 30.376458935758702
            },
            "Engineering": {
                "cnt": 79,
                "GED": 32.27431517174888,
                "Jaccard": 54.39481074481075,
                "Jaccard Edge": 34.10800865800866,
                "K-score(w)": 44.75633449047973
            },
            "Geography": {
                "cnt": 57,
                "GED": 27.347726418972222,
                "Jaccard": 31.657876699324067,
                "Jaccard Edge": 23.87142857142857,
                "K-score(w)": 27.02108328010063
            },
            "History": {
                "cnt": 25,
                "GED": 17.206549956469765,
                "Jaccard": 8.28496626885919,
                "Jaccard Edge": 10.501731601731603,
                "K-score(w)": 7.205389594074438
            },
            "Literature": {
                "cnt": 50,
                "GED": 22.116044533755534,
                "Jaccard": 33.77738095238095,
                "Jaccard Edge": 18.23253968253968,
                "K-score(w)": 21.984925623189522
            },
            "Math": {
                "cnt": 60,
                "GED": 18.960280292313538,
                "Jaccard": 47.824999999999996,
                "Jaccard Edge": 31.04107142857143,
                "K-score(w)": 39.22388647584298
            },
            "Sociology": {
                "cnt": 105,
                "GED": 47.5785364805414,
                "Jaccard": 62.753749518455415,
                "Jaccard Edge": 48.37954545454546,
                "K-score(w)": 50.28242764038144
            }
        },
        "primaryschool": {
            "Biology": {
                "cnt": 89,
                "GED": 46.41797122174204,
                "Jaccard": 48.74278952042109,
                "Jaccard Edge": 27.633477633477632,
                "K-score(w)": 38.87353562878235
            },
            "Chemistry": {
                "cnt": 51,
                "GED": 26.786862890478446,
                "Jaccard": 28.599134199134195,
                "Jaccard Edge": 14.76626984126984,
                "K-score(w)": 23.750760153144597
            },
            "Economics": {
                "cnt": 90,
                "GED": 62.66811744332204,
                "Jaccard": 32.23220749838396,
                "Jaccard Edge": 14.786768786768786,
                "K-score(w)": 27.000906125701512
            },
            "Engineering": {
                "cnt": 98,
                "GED": 56.41025349771752,
                "Jaccard": 44.52142857142856,
                "Jaccard Edge": 33.400000000000006,
                "K-score(w)": 40.96388192134543
            },
            "Geography": {
                "cnt": 58,
                "GED": 34.43122427791661,
                "Jaccard": 26.963619713619714,
                "Jaccard Edge": 17.085714285714282,
                "K-score(w)": 23.065966526170737
            },
            "History": {
                "cnt": 52,
                "GED": 32.09929435773513,
                "Jaccard": 23.750793650793653,
                "Jaccard Edge": 9.830699855699853,
                "K-score(w)": 17.81352592718661
            },
            "Literature": {
                "cnt": 51,
                "GED": 28.365571574893153,
                "Jaccard": 26.474175824175823,
                "Jaccard Edge": 14.584920634920634,
                "K-score(w)": 20.924515440106145
            },
            "Math": {
                "cnt": 60,
                "GED": 32.199211333564314,
                "Jaccard": 31.07103174603175,
                "Jaccard Edge": 30.62223145071982,
                "K-score(w)": 27.139866810513833
            },
            "Philosophy": {
                "cnt": 46,
                "GED": 23.074941017538272,
                "Jaccard": 28.752777777777776,
                "Jaccard Edge": 10.373015873015873,
                "K-score(w)": 21.18851741066732
            },
            "Sociology": {
                "cnt": 85,
                "GED": 58.35164549401932,
                "Jaccard": 32.49975857475857,
                "Jaccard Edge": 16.66991341991342,
                "K-score(w)": 23.809344136318146
            }
        },
        "secondaryschool": {
            "Biology": {
                "cnt": 108,
                "GED": 68.68914125861731,
                "Jaccard": 46.93093457371962,
                "Jaccard Edge": 22.1711340946635,
                "K-score(w)": 38.282340924066936
            },
            "Chemistry": {
                "cnt": 50,
                "GED": 22.907890220273522,
                "Jaccard": 32.098015873015875,
                "Jaccard Edge": 16.196780996780994,
                "K-score(w)": 25.326020313637006
            },
            "Economics": {
                "cnt": 99,
                "GED": 62.5445555871757,
                "Jaccard": 42.4617105117105,
                "Jaccard Edge": 23.25515873015873,
                "K-score(w)": 35.45756081494072
            },
            "Engineering": {
                "cnt": 94,
                "GED": 54.741079171952514,
                "Jaccard": 46.819428670744465,
                "Jaccard Edge": 22.235972360972355,
                "K-score(w)": 38.73607986944183
            },
            "Geography": {
                "cnt": 57,
                "GED": 27.04158182385411,
                "Jaccard": 33.502769779240374,
                "Jaccard Edge": 20.719902319902314,
                "K-score(w)": 28.884228717456434
            },
            "History": {
                "cnt": 60,
                "GED": 35.93735855122739,
                "Jaccard": 29.238492063492064,
                "Jaccard Edge": 11.685858585858586,
                "K-score(w)": 21.85067203474439
            },
            "Literature": {
                "cnt": 54,
                "GED": 33.24567255406535,
                "Jaccard": 24.993253968253967,
                "Jaccard Edge": 12.100396825396823,
                "K-score(w)": 20.607806978098406
            },
            "Math": {
                "cnt": 63,
                "GED": 28.876556765482942,
                "Jaccard": 43.52779899838723,
                "Jaccard Edge": 26.302077497665735,
                "K-score(w)": 33.38718278051467
            },
            "Philosophy": {
                "cnt": 35,
                "GED": 21.052050068431146,
                "Jaccard": 17.350396825396828,
                "Jaccard Edge": 6.869047619047619,
                "K-score(w)": 13.932263657059055
            },
            "Sociology": {
                "cnt": 73,
                "GED": 47.06304351777051,
                "Jaccard": 30.392988955488946,
                "Jaccard Edge": 18.060292485292482,
                "K-score(w)": 25.01773492898493
            }
        },
        "highschool": {
            "Biology": {
                "cnt": 211,
                "GED": 145.2020301501098,
                "Jaccard": 74.96781038280905,
                "Jaccard Edge": 29.017730880230875,
                "K-score(w)": 63.891459720543246
            },
            "Chemistry": {
                "cnt": 64,
                "GED": 41.076295168105304,